ZIPƒtƒ@ƒCƒ‹–¼,o—Í”NŒ“úE,’n”Ô‹æˆæ,’n”Ô,’n”Ô‹æˆæi•MŠE–¢’è’n\¬’n”Ôj,’n”Ôi•MŠE–¢’è’n\¬’n”Ôj
04423-3700-1.zip,202502070757,•ìŒS•x’J’¬’“cšŠp—Í‘ò,“¹-25,,
04423-3700-2.zip,202502070757,•ìŒS•x’J’¬’“cš›ƒm‘ò,80W1,,
04423-3700-3.zip,202502070757,•ìŒS•x’J’¬¡òšŒã‘ò,“¹-7,,
04423-3700-3.zip,202502070757,•ìŒS•x’J’¬¡òšŒã‘ò,…-15,,
04423-3700-3.zip,202502070757,•ìŒS•x’J’¬¡òšŒã‘ò,…-19,,
04423-3700-4.zip,202502070757,•ìŒS•x’J’¬¼¬“cšã”ª•SŠ ,27,,
04423-3700-5.zip,202502070757,•ìŒS•x’J’¬¼¬“cš’Ç•ª,64,,
04423-3700-6.zip,202502070757,•ìŒS•x’J’¬‘é”T“m‚P’š–Ú,13-34,,
04423-3700-6.zip,202502070757,•ìŒS•x’J’¬‘é”T“m‚S’š–Ú,8-2,,
04423-3700-7.zip,202502070757,•ìŒS•x’J’¬‚ ‚¯‚Ì•½‚Q’š–Ú,28,,
04423-3700-8.zip,202502070757,•ìŒS•x’J’¬–¾Îš‰ºŒ¢ƒP‘ò,…-1,,
04423-3700-8.zip,202502070757,•ìŒS•x’J’¬–¾Îš‹{‘O,…-1,,
04423-3700-8.zip,202502070757,•ìŒS•x’J’¬–¾ÎšãŒü“c,…-3,,
04423-3700-8.zip,202502070757,•ìŒS•x’J’¬–¾ÎšãŒü“c,…-2,,
04423-3700-8.zip,202502070757,•ìŒS•x’J’¬–¾ÎšãŒü“c,…-1,,
04423-3700-9.zip,202502070757,•ìŒS•x’J’¬’“cš›ƒm‘ò,80W2,,
04423-3700-9.zip,202502070757,•ìŒS•x’J’¬ÎÏš“°ƒP‘ò,11-7,,
04423-3700-10.zip,202502070757,•ìŒS•x’J’¬–¾Îš‰º›‘O,57-4,,
04423-3700-10.zip,202502070757,•ìŒS•x’J’¬–¾Îš‰º›‘O,57-5,,
04423-3700-10.zip,202502070757,•ìŒS•x’J’¬–¾Îš‰º›‘O,57-6,,
04423-3700-11.zip,202502070757,•ìŒS•x’J’¬ÎÏš’Ë“c,1-1,,
04423-3700-11.zip,202502070757,•ìŒS•x’J’¬ÎÏš’Ë“c,1-2,,
04423-3700-11.zip,202502070757,•ìŒS•x’J’¬ÎÏš’Ë“c,16-3,,
04423-3700-11.zip,202502070757,•ìŒS•x’J’¬ÎÏš¼ŠL,35-4,,
